{"assets/Edge_pro_mon.mp4":["assets/Edge_pro_mon.mp4"],"assets/edge_1.PNG":["assets/edge_1.PNG"],"assets/edge_2.PNG":["assets/edge_2.PNG"],"assets/img1.jpg":["assets/img1.jpg"],"assets/img2.jpg":["assets/img2.jpg"],"assets/img3.jpg":["assets/img3.jpg"],"assets/logo.png":["assets/logo.png"],"assets/map.jpeg":["assets/map.jpeg"],"assets/monitoring.mp4":["assets/monitoring.mp4"],"assets/monitoring_demo.jpg":["assets/monitoring_demo.jpg"],"assets/process.png":["assets/process.png"],"assets/profil.jpg":["assets/profil.jpg"],"assets/profil_b_w.jpg":["assets/profil_b_w.jpg"],"assets/staff1.jpg":["assets/staff1.jpg"],"assets/staff2.jpg":["assets/staff2.jpg"],"assets/staff3.png":["assets/staff3.png"],"packages/cupertino_icons/assets/CupertinoIcons.ttf":["packages/cupertino_icons/assets/CupertinoIcons.ttf"]}